{


    "display": {

        "title": {

            "text": "Special Advancements",

            "bold": true,

            "color": "white"

        },

        "description": {

            "text": "Fun!"

        },

        "icon": {

            "id": "minecraft:totem_of_undying"

        },

        "frame": "task",

        "show_toast": true,

        "announce_to_chat": false,

        "hidden": false,

        "background": "block/diamond_block"

    },

    "criteria": {

        "root": {

            "trigger": "minecraft:tick"

        }

    }

}