{
  "display": {
      "title": {
          "text": "Allay Ally"
      },
      "description": {
          "text": "Kill 1000 Pillagers"
      },
      "icon": {
          "id": "minecraft:crossbow"
      },
      "frame": "task",
      "show_toast": true,
      "announce_to_chat": true,
      "hidden": false
  },
  "criteria": {
      "playtime": {
          "trigger": "minecraft:tick",
          "conditions": {
            "player": {
              "type_specific": {
                "type": "minecraft:player",
                "stats": [
                  {
                    "type": "minecraft:killed",
                    "stat": "pillager",
                    "value": {
                      "min": 1000,
                      "max": 1005
                    }
                  }
                ]
              }
            }
          }
      }
  },
  "parent": "tfh:serveradv/advroot"
}