{
  "display": {
      "title": {
          "text": "Come and go"
      },
      "description": {
          "text": "Play the server for 100 sessions"
      },
      "icon": {
          "id": "minecraft:clock"
      },
      "frame": "goal",
      "show_toast": true,
      "announce_to_chat": true,
      "hidden": false
  },
  "criteria": {
      "playtime": {
          "trigger": "minecraft:tick",
          "conditions": {
            "player": {
              "type_specific": {
                "type": "minecraft:player",
                "stats": [
                  {
                    "type": "custom",
                    "stat": "minecraft:leave_game",
                    "value": {
                      "min": 100,
                      "max": 200
                    }
                  }
                ]
              }
            }
          }
      }
  },
  "parent": "tfh:serveradv/musical"
}