{
  "display": {
      "title": {
          "text": "Glowing"
      },
      "description": {
          "text": "Acquire a light block"
      },
      "icon": {
        "id": "light"
      },
      "frame": "task",
      "show_toast": true,
      "announce_to_chat": true,
      "hidden": false
  },
	"criteria": {
		"requirement": {
			"trigger": "minecraft:inventory_changed",
			"conditions": {
				"items": [
					{
						"items": "minecraft:light"
					}
				]
			}
		}
	},
  "parent": "tfh:serveradv/advroot"
}