{
  "display": {
      "title": {
          "text": "Big World"
      },
      "description": {
          "text": "Drink a can of shrink soda"
      },
      "icon": {
        "id": "emerald",
        "components": {
          "minecraft:custom_model_data": {"floats": [2]}
        }
      },
      "frame": "task",
      "show_toast": true,
      "announce_to_chat": true,
      "hidden": false
  },
  "criteria": {
      "playtime": {
          "trigger": "minecraft:impossible"
      }
  },
  "parent": "tfh:serveradv/advroot"
}