{
  "display": {
      "title": {
          "text": "Tired"
      },
      "description": {
          "text": "Sleep 100 times"
      },
      "icon": {
          "id": "minecraft:red_bed"
      },
      "frame": "goal",
      "show_toast": true,
      "announce_to_chat": true,
      "hidden": false
  },
  "criteria": {
      "playtime": {
          "trigger": "minecraft:tick",
          "conditions": {
            "player": {
              "type_specific": {
                "type": "minecraft:player",
                "stats": [
                  {
                    "type": "custom",
                    "stat": "sleep_in_bed",
                    "value": {
                      "min": 100,
                      "max": 100000000000
                    }
                  }
                ]
              }
            }
          }
      }
  },
  "parent": "tfh:serveradv/jumper"
}