{
  "display": {
      "title": {
          "text": "Violent"
      },
      "description": {
          "text": "Kill 100,000 mobs"
      },
      "icon": {
          "id": "minecraft:netherite_sword"
      },
      "frame": "challenge",
      "show_toast": true,
      "announce_to_chat": true,
      "hidden": false
  },
  "criteria": {
      "playtime": {
          "trigger": "minecraft:tick",
          "conditions": {
            "player": {
              "type_specific": {
                "type": "minecraft:player",
                "stats": [
                  {
                    "type": "minecraft:custom",
                    "stat": "mob_kills",
                    "value": {
                      "min": 100000,
                      "max": 630720000
                    }
                  }
                ]
              }
            }
          }
      }
  },
  "parent": "tfh:serveradv/allayally"
}