{
  "display": {
      "title": {
          "text": "Wanderer"
      },
      "description": {
          "text": "Walk 200km"
      },
      "icon": {
          "id": "minecraft:diamond_boots"
      },
      "frame": "goal",
      "show_toast": true,
      "announce_to_chat": true,
      "hidden": false
  },
  "criteria": {
      "playtime": {
          "trigger": "minecraft:tick",
          "conditions": {
            "player": {
              "type_specific": {
                "type": "minecraft:player",
                "stats": [
                  {
                    "type": "custom",
                    "stat": "walk_one_cm",
                    "value": {
                      "min": 20000000,
                      "max": 100000000000
                    }
                  }
                ]
              }
            }
          }
      }
  },
  "parent": "tfh:serveradv/advroot"
}