{
  "display": {
      "title": {
          "text": "On Fire!"
      },
      "description": {
          "text": "You are so close! The end is 100 blocks away!"
      },
      "icon": {
          "id": "minecraft:recovery_compass"
      },
      "frame": "task",
      "show_toast": true,
      "announce_to_chat": true,
      "hidden": false
  },
  "criteria": {
    "requirement": {
      "trigger": "minecraft:location",
      "conditions": {
        "player": [
          {
            "condition": "all_of",
            "terms": [
              {
                "condition": "minecraft:entity_properties",
                "entity": "this",
                "predicate": {
                  "location": {
                    "position": {
                      "x": {
                        "min": -3703,
                        "max": -3503
                      },
                      "z": {
                        "min": -2392,
                        "max": -2192
                      }
                    }
                  }
                }
              }
            ]
          }
        ]
      }
    }
  },
  "parent": "tfh:serveradv/warm2"
}