{
  "display": {
      "title": {
          "text": "Found It!"
      },
      "description": {
          "text": "Now what? Keep the location a secret!"
      },
      "icon": {
          "id": "minecraft:recovery_compass"
      },
      "frame": "challenge",
      "show_toast": true,
      "announce_to_chat": true,
      "hidden": false
  },
  "criteria": {
    "requirement": {
      "trigger": "minecraft:location",
      "conditions": {
        "player": [
          {
            "condition": "minecraft:entity_properties",
            "entity": "this",
            "predicate": {
              "location": {
                "position": {
                  "x": {
                    "min": -3604,
                    "max": -3602
                  },
                  "z": {
                    "min": -2293,
                    "max": -2291
                  }
                }
              }
            }
          }
        ]
      }
    }
  },
  "parent": "tfh:serveradv/warm3"
}