{
    "type": "minecraft:crafting_shaped",
    "category": "misc",
    "pattern": [
      "aaa",
      "aba",
      "aaa"
    ],
    "key": {
      "a": 	  [
		"minecraft:birch_leaves",
		"minecraft:acacia_leaves",
		"minecraft:oak_leaves",
		"minecraft:spruce_leaves",
		"minecraft:azalea_leaves",
		"minecraft:cherry_leaves",
		"minecraft:flowering_azalea_leaves",
		"minecraft:jungle_leaves",
		"minecraft:mangrove_leaves",
		"minecraft:pale_oak_leaves"
	  ],
      "b": [
        "minecraft:dark_oak_sapling"
      ]
    },
    "result": {
      "id": "minecraft:dark_oak_leaves",
      "count": 8
    }
  }